IS,Protein Name
569.769949,ACACA:S80
573.777049,ACACA:S80
873.390731,ACLY:S455
877.39783,ACLY:S455
733.987362,AKT1:S129
736.658762,AKT1:S129
578.254155,AKT1:S473
579.589854,AKT1:S473
698.357246,AKT1S1:S183
702.364345,AKT1S1:S183
516.723522,AKT1S1:T246
520.730621,AKT1S1:T246
847.393274,ATF2:T69
852.3974,ATF2:T69
847.393274,ATF2:T71
852.3975,ATF2:T71
1040.969739,ATM:S1981
1044.976839,ATM:S1981
656.331064,BCAR1:Y249
659.667154,BCAR1:Y249
857.422788,BCAR1:Y410
860.758878,BCAR1:Y410
989.533624,BCL2:T74
992.869714,BCL2:T74
676.054042,BCR:Y177
678.556109,BCR:Y177
751.997249,BRAF:S446
755.333339,BRAF:S446
600.770146,CAMK2D:T287
604.777246,CAMK2D:T287
557.733564,CAMK2G:T287
562.737698,CAMK2G:T287
590.802304,CAMKK2:S511
594.809403,CAMKK2:S511
576.937943,CAV1:Y14
580.274033,CAV1:Y14
753.329611,CHEK1:S280
757.33671,CHEK1:S280
794.691826,CHEK1:S296
797.363226,CHEK1:S296
565.729336,CHEK1:S317
570.73347,CHEK1:S317
947.449842,CHEK2:S516
950.785932,CHEK2:S516
792.121382,CTNNB1:S45
794.124931,CTNNB1:S45
620.952258,CTNNB1:S552
624.288348,CTNNB1:S552
628.807389,CYLD:S418
632.814488,CYLD:S418
548.900724,EGFR:Y998
552.236813,EGFR:Y998
715.678969,EIF4E:S209
718.350369,EIF4E:S209
926.4242,ERBB2:Y1248
929.4311,ERBB2:Y1248
730.963657,ERBB3:Y1328
734.299747,ERBB3:Y1328
719.307624,FOXO3:S253
723.314724,FOXO3:S253
484.205299,FOXO3:S294
489.209434,FOXO3:S294
549.23118,FOXO3:S413
553.238279,FOXO3:S413
779.04213,GAB1:S304
782.37822,GAB1:S304
625.618828,GAB1:Y627
628.290227,GAB1:Y627
798.026986,GAB1:Y659
800.698385,GAB1:Y659
932.389378,GAB2:Y452
935.725468,GAB2:Y452
790.066281,GRB10:S476
793.402371,GRB10:S476
838.34901,GSK3A:S21
841.02041,GSK3A:S21
795.348126,GSK3B:S9_1
798.019526,GSK3B:S9_1
592.764185,GSK3B:S9_2
594.767734,GSK3B:S9_2
590.937377,GYS1:S641/S645
594.273466,GYS1:S641/S645
661.615975,HSPB1:S15
664.952065,HSPB1:S15
791.901069,HSPB1:S78
796.905203,HSPB1:S78
578.27391,HSPB1:S82
583.278045,HSPB1:S82
659.255383,IGF1R/IR:Y1135
664.259518,IGF1R/IR:Y1135
699.238549,IGF1R/IR:Y1135/Y1162
704.242683,IGF1R/IR:Y1135/Y1162
787.827767,IRS1:S1101
792.831901,IRS1:S1101
802.049068,IRS1:S307
805.385157,IRS1:S307
721.004688,IRS1:S323_1
724.340777,IRS1:S323_1
726.336326,IRS1:S323_2
729.672416,IRS1:S323_2
877.044711,IRS1:S341_1
880.3808,IRS1:S341_1
882.376349,IRS1:S341_2
885.712439,IRS1:S341_2
689.282563,IRS1:S636_1
693.289663,IRS1:S636_1
705.277478,IRS1:S636_2
709.284578,IRS1:S636_2
365.429495,IRS1:S792
367.931562,IRS1:S792
1186.224415,JUN:S243
1189.560505,JUN:S243
776.386929,JUN:S63
780.394028,JUN:S63
878.771423,JUN:T91
881.4428,JUN:T91
878.771423,JUN:T93
881.4429,JUN:T93
652.281932,LCK:Y394
657.286067,LCK:Y394
720.329945,LMNA:S22
725.33408,LMNA:S22
1004.482423,LRP6:S1490
1009.486558,LRP6:S1490
645.274107,LYN:Y397
650.278242,LYN:Y397
901.923353,MAP2K4:S257
905.930452,MAP2K4:S257
432.209886,MAP2K4:S80
434.881286,MAP2K4:S80
687.334257,MAP2K4:T261
690.670347,MAP2K4:T261
420.714969,MAP2K7:S271
424.722068,MAP2K7:S271
815.796436,MAPK11:T180/Y182
820.800571,MAPK11:T180/Y182
751.338835,MAPK3:T202
754.6748,MAPK3:T202
751.338835,MAPK3:Y204
754.6749,MAPK3:Y204
814.348237,MAPK7:T219
817.684327,MAPK7:T219
871.388091,MAPK8:T183
876.392226,MAPK8:T183
936.398133,MAPK9:T183
941.402268,MAPK9:T183
1045.473659,MAPKAPK2:T222
1048.145059,MAPKAPK2:T222
405.867572,MAPKAPK2:T334
409.203661,MAPKAPK2:T334
864.404345,MCL1:S64
867.740434,MCL1:S64
923.372932,MDM2:S166
928.377067,MDM2:S166
617.284809,MEF2A:S408
622.288944,MEF2A:S408
904.091767,MTOR:S2448_1
906.763166,MTOR:S2448_1
861.393446,MTOR:S2448_2
864.064845,MTOR:S2448_2
737.388861,MTOR:S2481
739.392411,MTOR:S2481
606.660633,MYC:S62
609.996723,MYC:S62
709.056861,NFKBIA:S32
711.060411,NFKBIA:S32
588.25826,NOS3:S1177
593.262395,NOS3:S1177
444.187402,p70S6K: T389/S392_1
448.194502,p70S6K: T389/S392_1
646.284665,p70S6K: T389/S392_2
649.620755,p70S6K: T389/S392_2
486.182644,PAK1:S144
490.189743,PAK1:S144
621.999537,PFKFB2:S483
625.335627,PFKFB2:S483
483.208039,PLCB3:S1105
487.215138,PLCB3:S1105
520.724053,PLCB3:S537
525.728188,PLCB3:S537
559.734952,PLCG1:S1248
564.739087,PLCG1:S1248
896.394231,PLCG1:Y783
900.40133,PLCG1:Y783
837.730726,PLCG2:Y1217
841.066816,PLCG2:Y1217
922.391362,PLCG2:Y759
927.395497,PLCG2:Y759
665.326313,PPP1CA:T320
668.662403,PPP1CA:T320
666.972041,PRKAA1:S486
670.308131,PRKAA1:S486
764.354597,PRKAB1:S108
767.025997,PRKAB1:S108
804.342788,PRKAB1:S182
806.844855,PRKAB1:S182
640.233062,PTK2:Y576
644.240162,PTK2:Y576
601.296854,PTK2:Y925
605.303954,PTK2:Y925
538.899377,PXN:Y118
541.570777,PXN:Y118
703.660921,RAF1:S259
706.997011,RAF1:S259
940.753925,RAF1:S289
943.4253,RAF1:S289
940.753925,RAF1:S296
943.4252,RAF1:S296
510.206127,RIPK2:S176
515.210262,RIPK2:S176
592.622684,RPS6:S235
595.2941,RPS6:S235
592.622684,RPS6:S240
595.2942,RPS6:S240
686.005239,RPS6KA1:T359
689.341329,RPS6KA1:T359
619.629221,RPS6KB1:T444_1
622.965311,RPS6KB1:T444_1
404.204237,RPS6KB1:T444_2
408.211336,RPS6KB1:T444_2
941.104907,SGK3:T320
944.440997,SGK3:T320
632.782099,SIRT1:S27
637.786234,SIRT1:S27
695.655158,SIRT1:S47
698.991248,SIRT1:S47
563.261086,SRC:Y419
565.932486,SRC:Y419
1201.035088,STAT1:S727
1206.039222,STAT1:S727
718.359459,STAT1:Y701
721.695549,STAT1:Y701
861.372099,STAT3:Y705
864.043499,STAT3:Y705
783.830932,STAT5B:S690
787.838032,STAT5B:S690
762.015364,TAB2:S372
765.351454,TAB2:S372
537.225906,TBC1D4:S318
542.23004,TBC1D4:S318
545.234254,TBC1D4:S588
550.238388,TBC1D4:S588
459.538003,TBC1D4:T642
462.209402,TBC1D4:T642
958.080539,TP53:S15
960.7518,TP53:S15
710.827,TP53:S315
714.8341,TP53:S315
958.080539,TP53:S6
960.7519,TP53:S6
590.316755,TSC2:S1254
593.652844,TSC2:S1254
667.064272,TSC2:S1387
669.56634,TSC2:S1387
556.260803,TSC2:S939
560.267902,TSC2:S939
617.261,TSC2:T1462
622.265134,TSC2:T1462
823.122467,ZAP70:Y319
825.126017,ZAP70:Y319
691.784839,ZAP70:Y493
696.788974,ZAP70:Y493
